stringency_index,new_deaths,retail_and_recreation,grocery_and_pharmacy,residential,transit_stations,parks,workplaces,day,month,year,new_cases_classes
26.85,1.0,-3.571,0.286,2.286,-2.286,0.714,-5.429,3,11,2020,0.0
26.85,0.0,-3.857,0.0,2.286,-2.571,0.571,-6.143,3,12,2020,0.0
33.33,1.0,-4.429,-0.143,2.286,-3.286,0.571,-6.857,13,3,2020,0.0
36.11,0.0,-6.0,-1.429,2.857,-5.143,-0.571,-8.714,14,3,2020,0.0
38.89,0.0,-7.857,-2.857,3.286,-6.571,-1.714,-9.286,15,3,2020,0.0
48.15,0.0,-8.857,-3.429,3.286,-6.571,-2.429,-8.143,16,3,2020,0.0
48.15,1.0,-7.714,-0.143,2.143,-4.714,-2.143,-3.0,17,3,2020,0.0
50.0,0.0,-8.714,0.143,2.571,-6.0,-2.714,-3.429,18,3,2020,0.0
59.72,1.0,-10.571,0.143,3.286,-8.0,-4.0,-5.0,19,3,2020,0.0
70.83,1.0,-13.0,0.143,4.143,-10.286,-5.857,-7.143,20,3,2020,0.0
76.39,-1.0,-16.286,0.0,4.714,-12.714,-8.286,-8.857,21,3,2020,0.0
100.0,3.0,-25.857,-10.714,7.286,-21.714,-15.714,-16.143,22,3,2020,0.0
86.57,3.0,-32.429,-14.857,9.714,-28.286,-20.571,-22.714,23,3,2020,0.0
86.57,0.0,-40.571,-21.714,12.857,-36.143,-26.571,-30.857,24,3,2020,0.0
100.0,2.0,-49.857,-31.0,16.571,-45.143,-33.286,-40.0,25,3,2020,0.0
100.0,8.0,-58.429,-40.286,20.143,-53.571,-39.571,-48.429,26,3,2020,0.0
100.0,0.0,-66.286,-49.571,23.571,-61.429,-45.143,-56.286,27,3,2020,0.0
100.0,4.0,-72.571,-58.286,26.571,-68.286,-49.571,-63.143,28,3,2020,0.0
100.0,3.0,-72.429,-56.714,26.714,-68.429,-49.429,-62.857,29,3,2020,0.0
100.0,5.0,-75.571,-61.857,28.143,-71.571,-51.714,-65.429,30,3,2020,0.0
100.0,3.0,-76.571,-64.0,28.714,-72.857,-52.571,-65.857,31,3,2020,0.0
100.0,23.0,-76.429,-64.0,28.571,-72.857,-52.429,-65.286,4,1,2020,0.0
100.0,14.0,-76.429,-64.143,28.571,-73.0,-52.429,-65.143,4,2,2020,0.0
100.0,0.0,-76.286,-63.857,28.429,-73.0,-52.286,-64.714,4,3,2020,0.0
100.0,14.0,-76.143,-63.714,28.286,-73.0,-52.143,-64.0,4,4,2020,0.0
100.0,13.0,-76.143,-63.714,28.143,-73.0,-52.0,-63.429,4,5,2020,0.0
100.0,37.0,-76.143,-63.714,28.143,-72.857,-51.857,-63.429,4,6,2020,1.0
100.0,14.0,-76.571,-62.286,28.0,-72.0,-51.286,-63.286,4,7,2020,0.0
100.0,28.0,-76.857,-60.571,28.0,-71.286,-50.714,-63.143,4,8,2020,0.0
100.0,48.0,-77.143,-59.0,28.0,-70.429,-50.286,-63.0,4,9,2020,0.0
100.0,20.0,-77.571,-57.714,28.286,-69.857,-49.857,-63.286,4,10,2020,0.0
100.0,42.0,-78.0,-56.429,28.571,-69.286,-49.714,-63.714,4,11,2020,0.0
100.0,43.0,-78.286,-55.143,28.714,-68.714,-49.429,-63.857,4,12,2020,0.0
100.0,27.0,-78.571,-53.714,28.857,-68.143,-49.143,-63.571,13,4,2020,1.0
100.0,35.0,-78.571,-54.0,29.143,-68.429,-49.286,-63.857,14,4,2020,1.0
100.0,12.0,-78.571,-53.857,29.143,-68.143,-49.286,-63.429,15,4,2020,0.0
100.0,43.0,-79.571,-52.429,29.143,-67.714,-51.0,-63.0,16,4,2020,1.0
100.0,38.0,-80.429,-51.0,29.0,-67.143,-52.714,-62.429,17,4,2020,0.0
100.0,35.0,-81.429,-50.286,28.714,-66.857,-54.714,-61.857,18,4,2020,1.0
100.0,38.0,-82.429,-49.429,28.714,-66.571,-56.714,-61.571,19,4,2020,1.0
96.3,33.0,-83.571,-48.571,28.571,-66.286,-58.714,-61.143,20,4,2020,0.0
96.3,53.0,-84.571,-47.429,28.429,-65.857,-60.857,-60.429,21,4,2020,1.0
96.3,36.0,-85.714,-46.714,28.429,-65.857,-63.0,-60.286,22,4,2020,1.0
96.3,40.0,-85.857,-47.143,28.429,-66.0,-63.286,-60.143,23,4,2020,1.0
96.3,59.0,-85.857,-47.286,28.286,-66.143,-63.714,-59.857,24,4,2020,1.0
96.3,45.0,-85.714,-46.714,28.429,-66.0,-63.571,-59.714,25,4,2020,1.0
96.3,56.0,-85.714,-46.857,28.429,-66.143,-63.571,-59.571,26,4,2020,1.0
96.3,58.0,-85.571,-46.857,28.571,-66.143,-63.571,-59.429,27,4,2020,1.0
96.3,69.0,-85.571,-46.714,28.429,-66.143,-63.429,-59.286,28,4,2020,1.0
96.3,71.0,-85.429,-46.429,28.429,-65.857,-63.286,-59.0,29,4,2020,1.0
96.3,75.0,-85.143,-45.857,28.286,-65.571,-63.0,-58.571,30,4,2020,1.0
96.3,69.0,-85.143,-45.714,28.286,-65.429,-62.857,-58.714,5,1,2020,2.0
96.3,100.0,-85.0,-45.429,28.0,-65.143,-62.714,-58.0,5,2,2020,2.0
96.3,68.0,-84.857,-44.714,27.857,-64.714,-62.571,-57.429,5,3,2020,2.0
81.94,175.0,-84.286,-43.0,27.286,-63.857,-62.286,-56.571,5,4,2020,3.0
81.94,127.0,-83.714,-41.429,27.0,-62.857,-62.143,-55.571,5,5,2020,2.0
81.94,92.0,-82.857,-39.429,26.429,-61.714,-61.857,-54.571,5,6,2020,3.0
81.94,104.0,-82.143,-37.714,26.0,-60.714,-61.714,-53.857,5,7,2020,3.0
81.94,96.0,-81.286,-35.571,25.429,-59.429,-61.286,-52.143,5,8,2020,3.0
81.94,116.0,-80.571,-33.857,25.143,-58.429,-61.0,-51.429,5,9,2020,3.0
81.94,111.0,-80.143,-32.857,24.857,-57.714,-60.714,-50.714,5,10,2020,4.0
81.94,82.0,-79.714,-31.857,24.571,-57.0,-60.429,-49.857,5,11,2020,3.0
81.94,121.0,-79.286,-30.857,24.286,-56.429,-60.0,-49.286,5,12,2020,3.0
81.94,136.0,-79.0,-30.286,24.0,-56.0,-59.714,-48.571,13,5,2020,3.0
81.94,98.0,-78.714,-29.714,23.571,-55.571,-59.429,-47.571,14,5,2020,3.0
81.94,104.0,-78.286,-28.857,23.143,-55.0,-59.0,-47.0,15,5,2020,3.0
81.94,118.0,-77.857,-27.857,22.714,-54.286,-58.571,-45.857,16,5,2020,4.0
81.94,154.0,-77.429,-26.857,22.429,-53.714,-58.286,-45.143,17,5,2020,5.0
81.94,131.0,-76.857,-25.857,22.0,-53.143,-58.0,-44.429,18,5,2020,4.0
81.94,146.0,-76.143,-24.714,21.571,-52.429,-57.857,-43.571,19,5,2020,6.0
81.94,132.0,-75.429,-24.0,21.286,-51.857,-57.714,-42.857,20,5,2020,5.0
81.94,150.0,-74.714,-23.0,21.0,-51.143,-57.571,-42.143,21,5,2020,6.0
81.94,142.0,-74.143,-22.286,20.714,-50.571,-57.571,-41.286,22,5,2020,6.0
81.94,142.0,-73.429,-21.286,20.286,-50.0,-57.571,-40.714,23,5,2020,6.0
81.94,156.0,-73.0,-20.714,20.0,-49.429,-57.286,-40.286,24,5,2020,7.0
81.94,148.0,-72.571,-20.429,20.0,-49.286,-57.143,-41.143,25,5,2020,6.0
81.94,172.0,-72.143,-19.857,19.714,-48.714,-56.857,-40.571,26,5,2020,5.0
81.94,190.0,-71.714,-18.714,19.429,-48.143,-56.571,-39.857,27,5,2020,7.0
81.94,177.0,-71.286,-17.857,19.143,-47.714,-56.286,-39.286,28,5,2020,7.0
81.94,269.0,-70.857,-16.857,18.857,-47.286,-56.0,-38.714,29,5,2020,8.0
81.94,205.0,-70.429,-16.0,18.571,-46.714,-55.857,-37.571,30,5,2020,8.0
81.94,223.0,-70.0,-15.143,18.429,-46.143,-55.857,-36.429,31,5,2020,8.0
87.5,200.0,-69.143,-13.0,17.714,-44.714,-55.571,-34.143,6,1,2020,7.0
87.5,221.0,-68.429,-11.286,17.286,-43.857,-55.429,-33.429,6,2,2020,8.0
87.5,259.0,-67.857,-10.0,17.0,-43.143,-55.286,-32.857,6,3,2020,9.0
87.5,275.0,-67.143,-8.571,16.571,-42.143,-55.143,-32.143,6,4,2020,9.0
87.5,286.0,-66.143,-7.429,16.286,-41.286,-54.857,-31.571,6,5,2020,9.0
87.5,297.0,-65.286,-6.429,16.0,-40.571,-54.429,-31.143,6,6,2020,10.0
87.5,261.0,-64.429,-5.286,15.714,-39.857,-54.0,-30.857,6,7,2020,10.0
87.5,266.0,-63.571,-4.429,15.429,-39.429,-53.714,-30.429,6,8,2020,8.0
87.5,277.0,-62.714,-3.857,15.286,-39.0,-53.429,-30.0,6,9,2020,10.0
87.5,352.0,-61.714,-3.0,15.0,-38.286,-53.0,-29.571,6,10,2020,10.0
87.5,396.0,-60.714,-2.143,14.857,-37.857,-52.429,-29.286,6,11,2020,10.0
87.5,386.0,-60.0,-1.0,14.571,-37.429,-52.143,-29.143,6,12,2020,11.0
87.5,311.0,-59.429,-0.429,14.571,-37.143,-51.857,-29.571,13,6,2020,11.0
87.5,325.0,-59.0,-0.143,14.571,-36.857,-51.571,-29.571,14,6,2020,11.0
87.5,380.0,-58.571,0.0,14.571,-36.714,-51.286,-29.714,15,6,2020,10.0
87.5,2003.0,-58.286,0.143,14.429,-36.714,-50.857,-29.714,16,6,2020,10.0
87.5,334.0,-58.0,0.286,14.286,-36.714,-50.714,-29.857,17,6,2020,12.0
87.5,336.0,-58.0,-0.143,14.286,-37.0,-50.714,-30.0,18,6,2020,13.0
87.5,375.0,-58.0,-0.857,14.286,-37.286,-50.714,-30.143,19,6,2020,14.0
87.5,306.0,-58.0,-1.286,14.0,-37.429,-50.714,-29.571,20,6,2020,15.0
87.5,445.0,-58.571,-3.143,14.429,-38.571,-51.0,-30.143,21,6,2020,14.0
87.5,312.0,-58.429,-3.0,14.429,-38.571,-51.0,-30.286,22,6,2020,14.0
87.5,465.0,-58.286,-2.714,14.571,-38.429,-51.0,-30.571,23,6,2020,15.0
87.5,418.0,-58.286,-2.857,14.571,-38.571,-51.0,-30.571,24,6,2020,16.0
87.5,407.0,-58.429,-3.0,14.571,-38.571,-51.0,-30.571,25,6,2020,17.0
87.5,384.0,-58.571,-3.0,14.571,-38.571,-50.857,-30.429,26,6,2020,18.0
87.5,410.0,-58.714,-3.143,14.714,-38.714,-50.857,-31.0,27,6,2020,19.0
87.5,380.0,-58.286,-2.0,14.286,-38.0,-50.714,-30.714,28,6,2020,19.0
87.5,418.0,-58.571,-2.714,14.286,-38.286,-50.714,-30.571,29,6,2020,18.0
87.5,507.0,-58.429,-3.143,14.143,-38.571,-50.714,-30.429,30,6,2020,18.0
87.5,434.0,-58.429,-3.429,14.143,-38.857,-50.571,-30.429,7,1,2020,19.0
87.5,379.0,-58.143,-3.429,14.143,-39.0,-50.429,-30.429,7,2,2020,20.0
87.5,442.0,-58.0,-3.571,14.286,-39.143,-50.429,-30.429,7,3,2020,22.0
87.5,613.0,-57.857,-3.571,14.286,-39.286,-50.429,-30.0,7,4,2020,24.0
87.5,425.0,-58.286,-4.429,14.571,-40.143,-50.429,-30.571,7,5,2020,24.0
87.5,466.0,-58.143,-4.429,14.571,-40.286,-50.429,-30.571,7,6,2020,22.0
87.5,483.0,-58.286,-4.714,14.714,-40.429,-50.429,-30.571,7,7,2020,22.0
87.5,487.0,-58.286,-5.143,14.857,-40.571,-50.571,-30.429,7,8,2020,24.0
87.5,475.0,-58.429,-5.429,14.857,-40.714,-50.714,-30.286,7,9,2020,26.0
87.5,519.0,-58.429,-5.571,14.857,-40.714,-50.857,-30.286,7,10,2020,27.0
87.5,550.0,-58.714,-6.571,15.143,-41.143,-51.0,-31.143,7,11,2020,28.0
87.5,501.0,-59.143,-7.571,15.286,-41.571,-51.143,-31.429,7,12,2020,28.0
87.5,553.0,-59.0,-7.429,15.286,-41.571,-51.143,-31.429,13,7,2020,28.0
87.5,582.0,-59.286,-7.857,15.429,-41.857,-51.286,-31.571,14,7,2020,29.0
87.5,605.0,-59.714,-8.714,15.714,-42.143,-51.429,-31.857,15,7,2020,32.0
87.5,688.0,-60.0,-9.571,16.0,-42.429,-51.571,-32.143,16,7,2020,34.0
87.5,671.0,-60.286,-10.429,16.143,-42.714,-51.571,-32.286,17,7,2020,35.0
87.5,543.0,-60.714,-11.286,16.286,-42.857,-51.571,-32.0,18,7,2020,38.0
87.5,681.0,-60.714,-11.571,16.286,-42.857,-51.571,-32.143,19,7,2020,40.0
87.5,585.0,-61.143,-12.857,16.571,-43.286,-51.714,-32.571,20,7,2020,37.0
87.5,650.0,-61.286,-13.714,16.714,-43.429,-51.857,-32.714,21,7,2020,37.0
87.5,1129.0,-61.0,-13.286,16.571,-43.143,-51.857,-32.571,22,7,2020,45.0
87.5,740.0,-61.0,-13.714,16.571,-43.286,-52.0,-32.714,23,7,2020,49.0
87.5,757.0,-60.714,-13.286,16.429,-43.0,-51.714,-32.429,24,7,2020,48.0
87.5,702.0,-60.714,-13.714,16.571,-43.143,-51.714,-32.857,25,7,2020,48.0
87.5,711.0,-60.571,-13.571,16.571,-42.857,-51.571,-32.714,26,7,2020,49.0
87.5,637.0,-60.286,-13.143,16.429,-42.286,-51.286,-32.286,27,7,2020,44.0
87.5,785.0,-60.0,-12.857,16.286,-41.857,-51.143,-32.0,28,7,2020,51.0
87.5,762.0,-60.0,-13.429,16.286,-42.0,-51.143,-32.286,29,7,2020,50.0
87.5,763.0,-59.286,-11.714,16.0,-41.143,-50.571,-31.857,30,7,2020,52.0
87.5,793.0,-58.857,-11.143,16.0,-40.857,-50.429,-32.143,31,7,2020,61.0
85.65,853.0,-58.143,-10.0,15.714,-40.286,-50.0,-32.571,8,1,2020,54.0
85.65,771.0,-56.857,-7.857,15.286,-39.286,-49.571,-32.143,8,2,2020,52.0
85.65,803.0,-56.714,-7.857,15.143,-39.286,-49.143,-34.143,8,3,2020,52.0
85.65,857.0,-56.429,-7.714,14.857,-39.286,-49.0,-34.286,8,4,2020,52.0
85.65,904.0,-56.0,-8.857,14.714,-39.714,-49.714,-34.143,8,5,2020,56.0
85.65,886.0,-55.571,-10.286,14.571,-40.0,-50.571,-34.0,8,6,2020,62.0
85.65,933.0,-55.0,-11.0,14.0,-40.0,-51.143,-33.286,8,7,2020,61.0
85.65,861.0,-54.571,-11.857,13.714,-40.286,-52.0,-32.286,8,8,2020,64.0
85.65,1007.0,-54.714,-13.714,13.571,-40.714,-52.714,-31.714,8,9,2020,62.0
85.65,871.0,-53.429,-13.143,13.143,-40.286,-53.571,-29.286,8,10,2020,53.0
85.65,834.0,-52.429,-12.857,13.0,-40.0,-54.0,-29.0,8,11,2020,60.0
85.65,942.0,-51.714,-11.714,13.0,-39.429,-53.571,-29.286,8,12,2020,66.0
85.65,1007.0,-51.571,-11.857,13.0,-39.429,-53.429,-29.286,13,8,2020,64.0
85.65,996.0,-51.143,-11.714,13.143,-39.143,-53.429,-29.286,14,8,2020,64.0
85.65,944.0,-51.143,-11.857,13.429,-39.143,-53.143,-31.143,15,8,2020,64.0
85.65,941.0,-51.0,-11.714,13.429,-39.143,-53.143,-31.143,16,8,2020,57.0
85.65,876.0,-51.0,-12.0,13.429,-39.0,-53.0,-30.857,17,8,2020,55.0
85.65,1091.0,-50.857,-11.857,13.286,-38.714,-52.714,-30.143,18,8,2020,64.0
85.65,978.0,-50.571,-11.143,13.0,-38.0,-52.429,-29.0,19,8,2020,69.0
85.65,983.0,-50.429,-10.857,12.857,-37.714,-52.429,-28.857,20,8,2020,68.0
85.65,945.0,-50.429,-10.571,13.0,-37.571,-52.429,-29.0,21,8,2020,69.0
85.65,912.0,-50.429,-10.429,12.857,-37.143,-52.429,-27.857,22,8,2020,69.0
85.65,836.0,-50.429,-10.571,12.857,-36.857,-52.143,-27.714,23,8,2020,61.0
85.65,848.0,-50.286,-10.286,12.857,-36.571,-51.857,-27.714,24,8,2020,60.0
85.65,967.0,-50.0,-10.143,12.857,-36.286,-51.714,-27.714,25,8,2020,57.0
85.65,1115.0,-49.857,-10.0,12.714,-36.0,-51.571,-27.429,26,8,2020,85.0
85.65,1057.0,-49.714,-10.0,12.714,-35.857,-51.143,-27.143,27,8,2020,77.0
85.65,1021.0,-49.571,-10.143,12.571,-35.714,-50.714,-26.714,28,8,2020,76.0
85.65,948.0,-49.0,-9.286,12.143,-35.143,-50.286,-25.0,29,8,2020,78.0
85.65,971.0,-48.571,-8.571,12.143,-34.714,-49.857,-24.714,30,8,2020,78.0
85.65,819.0,-48.571,-9.286,12.286,-35.0,-49.714,-25.143,31,8,2020,69.0
85.65,1045.0,-48.429,-9.143,12.286,-34.857,-49.286,-25.571,9,1,2020,78.0
85.65,1043.0,-48.143,-9.0,12.286,-34.714,-49.0,-25.714,9,2,2020,83.0
85.65,1096.0,-47.571,-8.143,12.286,-34.286,-48.714,-25.571,9,3,2020,83.0
85.65,1089.0,-47.143,-7.714,12.286,-34.0,-48.571,-25.571,9,4,2020,86.0
85.65,1065.0,-46.286,-6.571,12.143,-33.286,-48.143,-25.0,9,5,2020,90.0
85.65,1016.0,-45.286,-5.143,12.0,-32.286,-47.714,-24.857,9,6,2020,90.0
85.65,1133.0,-45.0,-4.857,12.0,-32.143,-47.714,-24.714,9,7,2020,75.0
85.65,1115.0,-44.714,-4.286,11.857,-31.714,-47.571,-24.286,9,8,2020,89.0
85.65,1172.0,-44.571,-4.143,11.857,-31.429,-47.286,-24.143,9,9,2020,95.0
85.65,1209.0,-44.429,-4.0,11.714,-31.0,-47.0,-24.143,9,10,2020,96.0
85.65,1201.0,-44.429,-5.143,11.857,-31.429,-47.0,-24.571,9,11,2020,97.0
85.65,1114.0,-43.857,-5.286,12.0,-31.429,-46.857,-25.286,9,12,2020,94.0
85.65,1136.0,-43.143,-5.143,12.0,-31.143,-46.571,-25.0,13,9,2020,92.0
85.65,1054.0,-42.429,-4.857,12.0,-30.714,-46.143,-24.429,14,9,2020,83.0
85.65,1290.0,-42.0,-5.429,12.286,-30.857,-46.143,-24.286,15,9,2020,90.0
85.65,1132.0,-41.286,-5.286,12.429,-30.714,-46.0,-24.143,16,9,2020,97.0
85.65,1174.0,-40.714,-6.286,12.857,-31.286,-46.0,-24.429,17,9,2020,96.0
85.65,1247.0,-40.0,-5.571,13.0,-30.857,-45.714,-23.857,18,9,2020,93.0
85.65,1133.0,-39.714,-5.714,13.143,-30.714,-45.571,-23.0,19,9,2020,92.0
85.65,1130.0,-39.429,-5.714,13.286,-30.714,-45.429,-22.571,20,9,2020,86.0
83.8,1053.0,-39.143,-6.0,13.429,-30.714,-45.286,-22.714,21,9,2020,75.0
83.8,1085.0,-39.143,-6.143,13.714,-30.571,-45.0,-22.714,22,9,2020,83.0
83.8,1129.0,-39.571,-6.714,14.143,-30.571,-44.857,-23.0,23,9,2020,86.0
83.8,1141.0,-39.857,-6.0,14.429,-29.714,-44.429,-22.571,24,9,2020,86.0
83.8,1089.0,-40.571,-6.286,14.857,-29.429,-44.286,-22.714,25,9,2020,85.0
83.8,1124.0,-41.0,-6.0,15.286,-29.0,-43.857,-23.0,26,9,2020,88.0
83.8,1039.0,-41.143,-5.571,15.571,-28.143,-43.0,-23.143,27,9,2020,82.0
83.8,776.0,-41.714,-5.143,16.0,-27.714,-42.714,-23.0,28,9,2020,70.0
83.8,1179.0,-41.857,-4.857,16.143,-27.286,-42.571,-23.0,29,9,2020,80.0
83.8,1181.0,-41.571,-4.0,15.857,-26.714,-42.714,-23.0,30,9,2020,86.0
73.61,1095.0,-41.286,-3.0,15.143,-26.143,-43.286,-23.286,10,1,2020,81.0
73.61,1069.0,-40.571,-1.286,14.857,-26.0,-43.286,-26.143,10,2,2020,79.0
73.61,940.0,-40.143,-0.429,14.0,-25.571,-43.714,-26.429,10,3,2020,75.0
73.61,903.0,-39.857,0.429,13.286,-25.286,-44.143,-27.286,10,4,2020,74.0
73.61,884.0,-39.286,1.286,12.429,-24.714,-44.571,-27.714,10,5,2020,61.0
73.61,986.0,-38.714,2.143,11.714,-24.286,-45.0,-28.0,10,6,2020,72.0
73.61,971.0,-38.286,2.857,11.286,-24.0,-45.0,-27.857,10,7,2020,78.0
73.61,964.0,-37.857,3.286,11.286,-24.0,-44.714,-27.429,10,8,2020,70.0
73.61,926.0,-37.429,3.286,10.857,-23.429,-44.571,-24.143,10,9,2020,73.0
73.61,918.0,-37.143,3.429,11.286,-23.571,-44.286,-24.0,10,10,2020,74.0
73.61,816.0,-36.714,3.714,11.571,-23.571,-44.0,-23.143,10,11,2020,66.0
73.61,706.0,-36.429,3.857,11.857,-23.571,-43.714,-22.571,10,12,2020,55.0
73.61,730.0,-36.286,3.857,12.286,-23.714,-43.429,-22.143,13,10,2020,63.0
73.61,680.0,-35.857,4.143,12.571,-23.714,-43.143,-21.857,14,10,2020,67.0
64.35,895.0,-35.286,4.714,12.857,-23.286,-42.857,-21.714,15,10,2020,63.0
64.35,837.0,-34.714,6.286,13.0,-22.571,-42.571,-21.571,16,10,2020,62.0
64.35,1033.0,-34.429,7.143,13.0,-21.857,-42.429,-20.857,17,10,2020,61.0
64.35,579.0,-33.857,7.714,13.0,-21.143,-42.143,-20.429,18,10,2020,55.0
64.35,587.0,-33.429,8.429,13.143,-20.571,-41.714,-20.286,19,10,2020,46.0
64.35,717.0,-33.0,9.0,13.0,-20.0,-41.429,-20.143,20,10,2020,54.0
64.35,702.0,-32.429,9.429,12.857,-19.429,-41.143,-20.0,21,10,2020,55.0
64.35,690.0,-32.0,9.714,12.429,-19.0,-40.714,-20.0,22,10,2020,54.0
64.35,650.0,-31.571,9.714,12.0,-18.571,-40.286,-20.571,23,10,2020,53.0
64.35,578.0,-30.857,10.286,11.571,-18.0,-39.429,-21.857,24,10,2020,50.0
64.35,480.0,-30.571,10.429,11.143,-17.571,-38.857,-22.714,25,10,2020,45.0
64.35,488.0,-30.286,10.143,10.714,-17.714,-38.143,-24.571,26,10,2020,36.0
61.57,508.0,-29.857,10.286,10.286,-17.429,-37.714,-25.0,27,10,2020,43.0
61.57,517.0,-29.857,10.0,10.0,-17.286,-37.571,-25.286,28,10,2020,49.0
61.57,563.0,-29.857,9.429,9.857,-17.429,-37.571,-25.571,29,10,2020,48.0
61.57,551.0,-30.143,8.429,10.143,-18.143,-37.857,-26.286,30,10,2020,48.0
61.57,470.0,-30.571,7.143,10.143,-18.857,-38.286,-25.286,31,10,2020,46.0
61.57,496.0,-30.429,7.143,10.286,-19.0,-38.571,-24.571,11,1,2020,45.0
61.57,490.0,-30.286,7.429,10.286,-18.714,-39.143,-22.714,11,2,2020,38.0
61.57,514.0,-29.857,8.0,10.429,-18.714,-39.143,-22.429,11,3,2020,46.0
61.57,704.0,-29.714,8.143,10.714,-19.0,-39.143,-22.286,11,4,2020,50.0
61.57,670.0,-29.714,8.286,10.857,-19.286,-39.0,-21.857,11,5,2020,47.0
61.57,577.0,-29.571,8.429,10.571,-19.143,-38.714,-20.571,11,6,2020,50.0
61.57,559.0,-28.857,9.429,10.571,-18.714,-38.286,-20.0,11,7,2020,45.0
61.57,490.0,-28.286,10.143,10.571,-18.571,-37.857,-19.571,11,8,2020,45.0
61.57,448.0,-28.0,10.571,10.571,-18.714,-37.571,-19.571,11,9,2020,38.0
61.57,512.0,-27.714,10.857,10.571,-18.714,-37.286,-19.429,11,10,2020,44.0
61.57,550.0,-26.857,12.286,10.286,-18.0,-36.714,-19.143,11,11,2020,47.0
61.57,547.0,-25.286,15.143,10.0,-16.714,-36.0,-19.143,11,12,2020,44.0
61.57,520.0,-23.286,19.143,9.857,-15.0,-35.0,-20.0,13,11,2020,44.0
61.57,447.0,-24.0,19.286,10.714,-15.714,-34.857,-24.429,14,11,2020,41.0
61.57,435.0,-25.429,16.857,11.0,-16.857,-34.857,-27.571,15,11,2020,30.0
61.57,449.0,-26.0,15.429,11.143,-17.143,-33.857,-31.0,16,11,2020,29.0
61.57,474.0,-26.571,14.571,10.857,-17.0,-33.143,-32.286,17,11,2020,38.0
61.57,585.0,-27.286,13.286,10.714,-17.143,-32.571,-33.286,18,11,2020,45.0
61.57,584.0,-28.571,10.857,10.857,-17.714,-32.286,-33.857,19,11,2020,45.0
61.57,564.0,-30.429,7.0,11.0,-19.0,-32.286,-33.857,20,11,2020,46.0
68.98,501.0,-30.0,6.286,10.0,-18.143,-31.714,-30.286,21,11,2020,45.0
68.98,511.0,-29.0,8.0,9.571,-16.857,-31.143,-28.143,22,11,2020,44.0
68.98,480.0,-28.571,9.143,9.286,-16.286,-31.571,-25.0,23,11,2020,37.0
68.98,481.0,-28.429,9.429,9.429,-16.286,-31.857,-24.0,24,11,2020,44.0
68.98,524.0,-28.571,9.143,9.571,-16.571,-32.143,-23.857,25,11,2020,44.0
68.98,492.0,-29.429,7.571,9.857,-17.571,-32.714,-24.286,26,11,2020,43.0
68.98,485.0,-29.571,7.286,9.714,-17.714,-33.0,-23.857,27,11,2020,41.0
68.98,496.0,-29.286,7.714,9.714,-17.714,-33.143,-23.571,28,11,2020,41.0
68.98,443.0,-29.143,7.857,9.714,-17.714,-33.0,-23.143,29,11,2020,38.0
68.98,482.0,-29.143,7.571,9.857,-18.0,-32.571,-24.286,30,11,2020,31.0
68.98,501.0,-29.0,7.571,9.714,-17.714,-32.0,-24.286,12,1,2020,36.0
68.98,526.0,-28.857,7.857,9.571,-17.571,-30.143,-23.429,12,2,2020,35.0
68.98,540.0,-28.143,9.0,9.429,-17.0,-28.143,-22.286,12,3,2020,36.0
68.98,512.0,-28.0,9.143,9.571,-17.0,-26.429,-21.714,12,4,2020,36.0
68.98,482.0,-28.0,9.143,9.429,-16.857,-24.714,-21.0,12,5,2020,36.0
68.98,391.0,-27.857,9.286,9.286,-16.571,-22.571,-21.0,12,6,2020,32.0
68.98,385.0,-27.714,9.429,8.857,-16.0,-20.714,-19.714,12,7,2020,26.0
68.98,402.0,-28.857,7.429,9.286,-17.429,-19.857,-19.857,12,8,2020,32.0
68.98,412.0,-28.571,7.571,9.143,-16.429,-19.286,-19.857,12,9,2020,31.0
68.98,413.0,-28.286,7.857,9.0,-14.857,-18.429,-19.857,12,10,2020,29.0
68.98,443.0,-28.286,7.857,9.143,-13.571,-17.857,-19.857,12,11,2020,30.0
68.98,391.0,-28.571,7.714,9.571,-12.857,-17.571,-20.429,12,12,2020,30.0
68.98,336.0,-28.714,7.571,10.0,-12.0,-17.286,-19.857,13,12,2020,27.0
68.98,354.0,-29.143,7.286,10.571,-11.571,-17.571,-19.286,14,12,2020,22.0
68.98,387.0,-28.143,9.286,10.571,-9.286,-16.714,-18.143,15,12,2020,26.0
68.98,355.0,-28.429,9.143,11.143,-9.286,-17.143,-17.571,16,12,2020,24.0
68.98,338.0,-28.714,9.0,11.571,-9.714,-17.714,-17.0,17,12,2020,22.0
68.98,347.0,-28.714,9.143,11.714,-9.857,-18.0,-16.429,18,12,2020,25.0
68.98,341.0,-28.571,9.286,11.714,-9.571,-18.0,-15.286,19,12,2020,26.0
68.98,333.0,-28.429,9.429,11.714,-9.429,-17.857,-15.0,20,12,2020,24.0
68.98,301.0,-28.143,9.857,11.714,-9.143,-17.571,-14.571,21,12,2020,19.0
68.98,333.0,-28.143,9.571,11.714,-9.286,-17.714,-14.571,22,12,2020,23.0
68.98,312.0,-27.857,9.857,11.714,-9.0,-17.571,-14.286,23,12,2020,24.0
68.98,336.0,-27.286,10.714,11.429,-8.143,-17.0,-14.286,24,12,2020,23.0
68.98,251.0,-26.429,11.143,11.714,-8.143,-15.429,-16.857,25,12,2020,22.0
68.98,279.0,-26.571,10.571,11.857,-8.429,-14.857,-17.714,26,12,2020,18.0
68.98,279.0,-26.714,9.857,11.714,-8.286,-14.429,-17.714,27,12,2020,20.0
68.98,252.0,-26.571,9.714,11.714,-8.0,-14.143,-17.857,28,12,2020,16.0
68.98,286.0,-26.571,9.714,11.714,-7.857,-13.857,-17.857,29,12,2020,20.0
68.98,299.0,-26.571,9.571,11.714,-7.857,-13.571,-18.0,30,12,2020,21.0
68.98,0.0,-25.714,10.429,11.714,-7.714,-13.143,-17.857,31,12,2020,0.0
68.98,256.0,-25.857,9.714,11.571,-7.857,-12.857,-16.857,1,1,2021,20.0
68.98,441.0,-25.857,10.0,11.429,-7.714,-13.286,-16.0,1,2,2021,37.0
68.98,214.0,-26.0,10.143,11.714,-7.857,-13.714,-16.0,1,3,2021,16.0
68.98,201.0,-26.286,10.0,11.714,-7.857,-14.143,-15.571,1,4,2021,16.0
68.98,264.0,-26.571,9.714,11.714,-8.0,-14.571,-15.286,1,5,2021,18.0
68.98,222.0,-26.714,9.571,11.714,-8.143,-14.429,-14.857,1,6,2021,20.0
68.98,234.0,-27.714,8.286,11.857,-8.857,-14.571,-14.429,1,7,2021,18.0
68.98,0.0,-28.0,8.857,11.571,-8.571,-15.571,-12.286,1,8,2021,0.0
68.98,429.0,-27.429,9.429,11.429,-8.571,-14.857,-12.571,1,9,2021,36.0
68.98,161.0,-26.571,10.429,11.143,-8.714,-14.0,-12.143,1,10,2021,16.0
68.98,167.0,-26.0,11.143,11.0,-9.0,-13.0,-12.143,1,11,2021,12.0
68.98,202.0,-25.286,12.143,10.857,-9.0,-11.857,-12.143,1,12,2021,15.0
68.98,198.0,-25.0,12.857,10.571,-9.143,-11.714,-13.0,13,1,2021,16.0
68.98,191.0,-26.143,10.429,10.714,-11.286,-11.857,-16.714,14,1,2021,15.0
68.98,175.0,-27.286,8.143,10.571,-13.286,-12.429,-19.286,15,1,2021,15.0
68.98,181.0,-28.143,6.143,10.286,-14.714,-13.143,-20.571,16,1,2021,15.0
68.98,145.0,-29.0,4.286,10.0,-15.857,-14.143,-22.286,17,1,2021,13.0
68.98,137.0,-29.571,2.857,9.857,-16.714,-14.857,-23.143,18,1,2021,10.0
68.98,162.0,-30.143,1.286,9.714,-17.857,-15.571,-23.714,19,1,2021,13.0
68.98,151.0,-30.571,-0.143,9.857,-18.857,-15.857,-23.714,20,1,2021,15.0
68.98,163.0,-29.714,1.286,9.571,-17.714,-16.0,-20.571,21,1,2021,14.0
68.98,152.0,-28.857,2.571,9.571,-16.571,-15.714,-18.571,22,1,2021,14.0
68.98,155.0,-28.286,3.571,9.714,-15.714,-15.143,-17.571,23,1,2021,14.0
68.98,131.0,-27.857,4.429,9.857,-15.143,-14.286,-16.571,24,1,2021,13.0
68.98,117.0,-27.286,5.143,9.857,-14.714,-13.286,-16.429,25,1,2021,9.0
67.13,137.0,-26.857,5.143,10.714,-15.143,-11.286,-20.286,26,1,2021,12.0
61.57,123.0,-26.857,5.429,10.571,-14.571,-10.857,-19.857,27,1,2021,11.0
61.57,163.0,-26.857,5.571,10.571,-14.286,-10.571,-19.857,28,1,2021,18.0
61.57,137.0,-26.857,6.286,10.429,-14.0,-10.714,-19.571,29,1,2021,13.0
61.57,127.0,-26.714,7.429,10.143,-13.429,-11.0,-18.857,30,1,2021,13.0
61.57,118.0,-26.571,8.714,9.857,-12.857,-11.571,-18.857,31,1,2021,11.0
61.57,94.0,-26.714,9.571,9.571,-12.429,-12.429,-18.571,2,1,2021,8.0
61.57,110.0,-26.571,11.429,8.429,-10.857,-14.286,-14.286,2,2,2021,11.0
61.57,107.0,-26.286,12.429,8.143,-10.571,-15.0,-14.286,2,3,2021,12.0
61.57,120.0,-26.143,13.143,7.714,-10.429,-15.857,-14.286,2,4,2021,12.0
61.57,95.0,-25.857,13.857,7.429,-10.143,-16.143,-14.429,2,5,2021,11.0
61.57,78.0,-25.571,14.143,7.286,-10.0,-16.429,-14.571,2,6,2021,12.0
61.57,84.0,-25.143,14.0,7.286,-9.857,-16.286,-15.143,2,7,2021,11.0
61.57,78.0,-25.0,14.143,7.143,-9.714,-16.571,-15.143,2,8,2021,9.0
61.57,94.0,-24.857,14.286,7.0,-9.571,-16.714,-15.143,2,9,2021,11.0
61.57,108.0,-24.429,14.857,6.857,-9.143,-16.571,-15.0,2,10,2021,12.0
61.57,87.0,-24.0,15.571,6.857,-8.571,-16.0,-14.714,2,11,2021,9.0
61.57,103.0,-23.429,15.857,6.857,-8.0,-15.571,-14.571,2,12,2021,12.0
61.57,92.0,-22.857,16.143,6.857,-7.571,-14.571,-15.429,13,2,2021,12.0
61.57,90.0,-21.857,16.857,6.714,-6.857,-13.571,-15.429,14,2,2021,11.0
61.57,81.0,-21.286,17.143,6.714,-6.286,-12.571,-15.571,15,2,2021,9.0
61.57,100.0,-21.0,16.714,6.714,-5.857,-11.429,-16.286,16,2,2021,11.0
61.57,101.0,-21.0,16.429,6.714,-5.571,-10.857,-16.429,17,2,2021,12.0
61.57,97.0,-20.857,16.429,6.714,-5.143,-10.714,-16.429,18,2,2021,13.0
61.57,101.0,-21.0,16.286,6.714,-5.0,-10.571,-16.571,19,2,2021,13.0
61.57,90.0,-21.0,16.286,6.714,-4.714,-10.571,-15.429,20,2,2021,14.0
61.57,83.0,-21.714,16.0,6.857,-5.0,-11.0,-15.429,21,2,2021,14.0
61.57,78.0,-22.0,15.714,6.857,-5.143,-11.286,-15.0,22,2,2021,10.0
61.57,104.0,-22.143,16.0,7.0,-5.286,-11.857,-14.0,23,2,2021,13.0
63.43,138.0,-22.0,16.143,7.143,-5.286,-11.857,-13.571,24,2,2021,16.0
63.43,120.0,-22.0,16.286,7.143,-5.286,-11.714,-13.429,25,2,2021,16.0
63.43,113.0,-22.0,16.286,7.143,-5.286,-11.714,-13.286,26,2,2021,16.0
63.43,113.0,-22.143,16.286,7.286,-5.571,-11.714,-14.0,27,2,2021,16.0
63.43,106.0,-22.143,16.429,7.286,-5.714,-11.714,-13.429,28,2,2021,15.0
63.43,91.0,-22.0,17.0,7.286,-5.714,-11.571,-13.143,3,1,2021,12.0
63.43,98.0,-22.0,17.286,7.286,-5.714,-11.571,-13.0,3,2,2021,14.0
63.43,89.0,-21.857,17.857,7.286,-5.571,-11.429,-12.857,3,3,2021,17.0
63.43,113.0,-21.714,18.286,7.286,-5.571,-11.286,-12.571,3,4,2021,16.0
63.43,108.0,-21.429,18.857,7.286,-5.429,-11.143,-12.286,3,5,2021,18.0
63.43,100.0,-21.143,19.429,7.143,-5.143,-11.143,-11.286,3,6,2021,18.0
63.43,97.0,-20.857,19.857,7.286,-5.143,-11.0,-11.429,3,7,2021,18.0
63.43,77.0,-20.571,20.0,7.429,-5.0,-10.857,-11.429,3,8,2021,15.0
57.87,133.0,-20.286,20.286,7.429,-4.857,-10.714,-11.286,3,9,2021,17.0
57.87,126.0,-20.143,20.714,7.286,-4.571,-10.429,-11.286,3,10,2021,22.0
57.87,117.0,-20.286,20.429,7.714,-5.143,-9.571,-13.714,3,11,2021,23.0
57.87,140.0,-20.429,20.143,7.714,-5.143,-9.571,-13.857,3,12,2021,24.0
57.87,161.0,-20.571,19.857,8.0,-5.429,-9.429,-14.857,13,3,2021,25.0
57.87,118.0,-20.714,19.714,8.0,-5.286,-9.571,-14.857,14,3,2021,26.0
57.87,131.0,-20.857,19.571,8.0,-5.143,-9.429,-15.0,15,3,2021,24.0
57.87,188.0,-21.143,19.143,8.0,-5.286,-9.571,-15.143,16,3,2021,28.0
57.87,172.0,-21.429,18.571,8.143,-5.714,-10.0,-14.857,17,3,2021,35.0
57.87,154.0,-21.429,18.714,7.857,-5.143,-10.857,-12.286,18,3,2021,39.0
57.87,188.0,-21.429,19.143,8.0,-5.143,-10.857,-11.714,19,3,2021,40.0
57.87,197.0,-21.429,19.286,7.857,-4.857,-11.0,-10.429,20,3,2021,43.0
57.87,212.0,-21.714,19.143,8.0,-5.143,-11.286,-10.286,21,3,2021,46.0
57.87,199.0,-21.857,19.286,8.143,-5.429,-11.571,-9.857,22,3,2021,40.0
57.87,275.0,-21.714,19.571,8.286,-5.429,-11.571,-9.571,23,3,2021,47.0
57.87,251.0,-21.429,19.857,8.429,-5.286,-11.429,-9.714,24,3,2021,53.0
57.87,257.0,-21.0,20.429,8.429,-5.0,-11.429,-9.714,25,3,2021,59.0
57.87,291.0,-21.0,20.571,8.571,-5.0,-11.429,-10.143,26,3,2021,62.0
57.87,312.0,-20.857,21.429,8.571,-4.714,-11.429,-11.0,27,3,2021,62.0
57.87,291.0,-21.714,20.857,8.857,-5.714,-12.286,-11.714,28,3,2021,68.0
57.87,271.0,-24.571,15.714,10.571,-9.571,-14.0,-18.0,29,3,2021,56.0
57.87,354.0,-25.286,14.857,10.714,-10.286,-14.571,-19.429,30,3,2021,53.0
57.87,459.0,-25.714,14.429,10.714,-10.714,-14.857,-20.0,31,3,2021,72.0
57.87,469.0,-26.143,14.0,10.857,-11.286,-15.0,-20.714,4,1,2021,81.0
57.87,714.0,-26.286,14.0,11.286,-12.143,-15.0,-23.0,4,2,2021,89.0
74.54,513.0,-26.714,13.429,11.429,-12.857,-15.143,-22.857,4,3,2021,93.0
74.54,478.0,-26.429,13.714,11.286,-12.429,-14.857,-22.571,4,4,2021,103.0
69.91,446.0,-23.714,19.143,9.714,-8.857,-13.286,-17.143,4,5,2021,96.0
69.91,630.0,-24.0,19.714,9.857,-8.857,-13.0,-17.286,4,6,2021,115.0
69.91,685.0,-24.429,19.857,10.143,-9.143,-13.286,-17.571,4,7,2021,126.0
69.91,780.0,-25.0,19.857,10.429,-9.571,-13.714,-17.714,4,8,2021,131.0
69.91,794.0,-25.286,19.857,10.286,-9.429,-14.286,-16.0,4,9,2021,145.0
69.91,839.0,-26.857,17.714,11.143,-11.571,-15.857,-18.143,4,10,2021,152.0
69.91,904.0,-28.0,16.429,11.714,-13.286,-17.286,-19.0,4,11,2021,168.0
69.91,879.0,-28.429,17.0,12.0,-13.857,-17.857,-19.429,4,12,2021,161.0
69.91,1027.0,-28.714,17.0,12.714,-14.714,-18.714,-20.857,13,4,2021,184.0
69.91,1038.0,-30.0,15.857,13.571,-16.286,-19.571,-23.857,14,4,2021,200.0
69.91,1185.0,-31.286,14.143,14.0,-17.857,-20.857,-25.143,15,4,2021,217.0
69.91,1341.0,-33.0,12.286,14.571,-19.429,-22.286,-26.286,16,4,2021,234.0
69.91,1501.0,-34.429,10.857,15.143,-20.714,-23.714,-26.714,17,4,2021,261.0
69.91,1619.0,-36.714,7.857,15.857,-22.714,-25.714,-28.714,18,4,2021,273.0
73.61,1761.0,-38.429,5.714,16.571,-24.286,-27.286,-29.857,19,4,2021,259.0
73.61,2023.0,-40.143,3.714,17.0,-25.857,-29.0,-29.857,20,4,2021,295.0
73.61,2104.0,-41.571,1.714,17.571,-27.429,-30.714,-30.143,21,4,2021,314.0
73.61,2263.0,-43.0,0.286,18.143,-28.857,-32.0,-31.286,22,4,2021,332.0
73.61,2624.0,-44.429,-1.143,18.714,-30.429,-33.143,-32.857,23,4,2021,346.0
73.61,2767.0,-46.429,-3.714,19.429,-32.143,-34.571,-35.286,24,4,2021,349.0
73.61,2812.0,-48.571,-6.286,20.143,-34.429,-36.0,-37.0,25,4,2021,352.0
73.61,2771.0,-49.857,-7.857,20.571,-36.0,-37.0,-38.429,26,4,2021,323.0
73.61,3293.0,-50.857,-8.857,20.857,-36.857,-37.571,-39.286,27,4,2021,360.0
73.61,3645.0,-52.0,-10.0,21.0,-37.857,-38.143,-39.429,28,4,2021,379.0
73.61,3498.0,-53.143,-11.429,21.571,-39.0,-38.857,-40.571,29,4,2021,386.0
73.61,3523.0,-53.857,-12.143,21.857,-39.714,-39.286,-41.429,30,4,2021,401.0
73.61,3689.0,-54.571,-13.0,22.286,-40.571,-39.857,-43.0,5,1,2021,392.0
73.61,3417.0,-54.857,-13.429,22.286,-41.143,-40.286,-43.429,5,2,2021,368.0
73.61,3449.0,-56.143,-15.571,22.714,-42.286,-41.286,-44.429,5,3,2021,357.0
73.61,3780.0,-57.286,-17.143,23.143,-43.429,-42.0,-45.429,5,4,2021,382.0
73.61,3980.0,-58.286,-18.714,23.429,-44.286,-42.714,-46.286,5,5,2021,412.0
73.61,3915.0,-59.429,-20.286,23.714,-45.286,-43.429,-47.0,5,6,2021,414.0
73.61,4187.0,-60.857,-22.286,24.143,-46.571,-44.143,-47.714,5,7,2021,401.0
73.61,4077.0,-60.857,-22.0,24.0,-46.571,-44.0,-46.714,5,8,2021,403.0
73.61,3769.0,-60.143,-20.714,23.714,-45.571,-43.571,-45.714,5,9,2021,366.0
81.94,3876.0,-61.429,-22.429,24.286,-47.0,-44.143,-46.429,5,10,2021,329.0
81.94,4205.0,-62.286,-23.714,24.571,-48.143,-44.714,-47.0,5,11,2021,348.0
81.94,4120.0,-63.0,-24.286,24.857,-49.0,-44.857,-47.571,5,12,2021,362.0
81.94,4000.0,-63.286,-24.286,25.0,-49.429,-44.714,-48.286,13,5,2021,343.0
81.94,3890.0,-63.857,-25.429,25.429,-50.286,-44.857,-50.0,14,5,2021,326.0
81.94,4077.0,-64.429,-26.143,25.429,-50.857,-44.857,-50.429,15,5,2021,311.0
81.94,4106.0,-65.286,-27.571,25.714,-52.0,-45.143,-51.143,16,5,2021,281.0
81.94,4329.0,-65.429,-28.0,25.571,-52.143,-45.0,-51.143,17,5,2021,263.0
81.94,4529.0,-65.714,-28.857,25.571,-52.571,-45.0,-51.429,18,5,2021,267.0
81.94,3874.0,-65.714,-29.571,25.571,-52.857,-45.143,-51.286,19,5,2021,276.0
81.94,4209.0,-65.857,-30.286,25.571,-53.286,-45.143,-50.857,20,5,2021,259.0
81.94,4194.0,-65.429,-29.714,25.286,-53.0,-44.857,-49.286,21,5,2021,257.0
81.94,3741.0,-65.0,-29.286,25.286,-52.714,-44.714,-48.714,22,5,2021,240.0
81.94,4454.0,-64.0,-27.286,24.857,-51.143,-44.0,-47.571,23,5,2021,222.0
81.94,3511.0,-63.429,-26.571,24.714,-50.571,-43.429,-47.0,24,5,2021,196.0
81.94,4157.0,-62.857,-26.0,24.571,-50.0,-42.857,-46.286,25,5,2021,208.0
81.94,3847.0,-62.571,-25.857,24.571,-49.857,-42.286,-46.429,26,5,2021,211.0
81.94,3660.0,-62.143,-25.429,24.429,-49.429,-41.857,-46.0,27,5,2021,186.0
81.94,3617.0,-61.714,-25.0,24.143,-49.143,-41.0,-45.429,28,5,2021,173.0
81.94,3460.0,-61.286,-24.429,23.714,-48.714,-40.0,-44.571,29,5,2021,165.0
81.94,3128.0,-61.143,-24.714,23.714,-49.0,-39.143,-44.286,30,5,2021,152.0
81.94,2795.0,-60.143,-23.429,23.286,-48.286,-38.0,-43.429,31,5,2021,127.0
